﻿<?xml version="1.0" encoding="utf-8"?>
<resources>
    <string name="app_name">iLanguage</string>
    <string name="learn">Learn</string>
    <string name="quiz">Quiz</string>
    <string name="settings">Settings</string>

    <!-- AdMob -->
    <string name="test_banner_ad_unit_id"      >ca-app-pub-3940256099942544/6300978111</string>
    <string name="test_interstitial_ad_unit_id">ca-app-pub-3940256099942544/1033173712</string>
    <string name="admob_appid"       >ca-app-pub-5365456490909700~8197798895</string>
    <string name="admob_banner"      >ca-app-pub-5365456490909700/8058198097</string>
    <string name="admob_interstitial">ca-app-pub-5365456490909700/2151265291</string>

    <!-- InApp Billing -->
    <string name="please_wait"       >Please wait...</string>
    <string name="error_access_store">Check  your internet connection and that you have the latest version of Google Play</string>

    <!-- Learn Tab -->
    <string name="wordId">Word</string>
    <string name="translate">Translate</string>
    <string name="wordNotFound">Word with {0} not found</string>
    <string name="words">Words</string>
    <string name="phrases">Phrases</string>
    <string name="partOfWord">Part of word or word numeric ID</string>

    <!-- Speech -->
    <string name="speech">Speech</string>
    <string name="You_said">You said:</string>
    <string name="excellent">Excellent!</string>
    <string name="wrong">False</string>
    <string name="Try_Again">Try again!</string>
    <string name="Continue">Continue</string>
    <string name="noSpeechRecognized">No speech was recognized</string>
    <string name="No_Voice">You don\'t seem to have a microphone</string>

    <!-- Quiz Tab -->
    <string name="quizWords">Quiz Words:</string>
    <string name="mode">Mode:</string>
    <string name="images">Images</string>
    <string name="text">Text</string>
    <string name="correctWords">Correct:</string>
    <string name="finished">Finished</string>
    <string name="bestScore">Best score:</string>

    <!-- Settings Tab -->
    <string name="languageToLearn">Language to learn:</string>
    <string name="languageToTranslate">Translate to:</string>
    <string name="sound">Sound:</string>
    <string name="speechRate">Speech Rate:</string>

    <!-- TTS words -->
    <string name="yes">correct</string>
    <string name="no">nope</string>
    <string name="hello">Hello</string>
    <string name="bye">Good bye!</string>

    <!-- Types (categories) -->
    <string name="all">all</string>
    <string name="animal_world">animal world</string>
    <string name="body_parts">body parts</string>
    <string name="clothing">clothing</string>
    <string name="colors__figures">colors, figures</string>
    <string name="food_and_beverage">food and beverages</string>
    <string name="fruits_and_vegetables">fruits and vegetables</string>
    <string name="numbers_and_math">numbers and math</string>
    <string name="sport">sport</string>
    <string name="hobby__music__chess">hobby, music, chess</string>
    <string name="transport">transport</string>
    <string name="household">household</string>
    <string name="kitchen">kitchen</string>
    <string name="school_and_office">school and office</string>
    <string name="accesories">accesories</string>
    <string name="tools_and_appliances">tools and appliances</string>
    <string name="bed_and_bath">bed and bath</string>
    <string name="verbs">verbs</string>
    <string name="adjectives">adjectives</string>
    <string name="family_and_kids">family and kids</string>
    <string name="profession">professions</string>
    <string name="countries">countries</string>
    <string name="environment">environment</string>
    <string name="calendar__time">calendar, time</string>
    <string name="basic_phrases">basic phrases</string>
    <string name="phrases_greetings">phrases to greet</string>
    <string name="phrases_traveling">phrases traveling</string>
    <string name="phrases_in_hotel">phrases in hotel</string>
    <string name="phrases_in_restaurant">phrases in restaurant</string>
    <string name="flirting_phrases">phrases for flirting</string>

</resources>
