﻿<?xml version="1.0" encoding="utf-8" ?> 
<resources>
  <style name="MyTheme.Base" parent="Theme.AppCompat.Light">
  </style>

    <style name="MyTheme" parent="MyTheme.Base">
  </style>

  <style name="MyTheme.Splash" parent ="Theme.AppCompat.Light.NoActionBar">
    <item name="android:windowBackground">@drawable/Launch2208</item>
    <item name="android:windowNoTitle">true</item>  
    <item name="android:windowFullscreen">true</item>  
    <item name="android:windowContentOverlay">@null</item>  
    <item name="android:windowActionBar">true</item>  
  </style>
<style name="MyTheme.Main" parent="Theme.AppCompat.Light.NoActionBar">
    <item name="android:windowNoTitle">true</item>
    <item name="android:windowActionBar">false</item>
    <item name="android:windowFullscreen">true</item>
    <item name="android:windowContentOverlay">@null</item>
</style></resources>
